Units used: mm,,,,,,,
,,,,,,,
Designator,Comment,Layer,Footprint,Center-X(mm),Center-Y(mm),Rotation,Description
Y1,4W_BRKOUT,BottomLayer,4W_BRKOUT,178.735,70.301,90,
Y2,4W_BRKOUT,BottomLayer,4W_BRKOUT,178.735,65.5983,90,
Y3,4W_BRKOUT,BottomLayer,4W_BRKOUT,178.735,61.421,90,
Y4,3W_BRKOUT,TopLayer,3W_BRKOUT,178.735,61.301,270,
Y5,3W_BRKOUT,TopLayer,3W_BRKOUT,178.735,64.801,270,
Y6,3W_BRKOUT,TopLayer,3W_BRKOUT,178.735,68.2717,270,
Y7,3W_BRKOUT,TopLayer,3W_BRKOUT,178.735,71.7291,270,
J3,B10B-PHDSS(LF)(SN)(P),TopLayer,B10B-PHDSS(LF)(SN)(P),174.217,76.201,0,"JST (JAPAN SOLDERLESS TERMINALS) - B10B-PHDSS(LF)(SN)(P) - CONNECTOR, HEADER, 10POS, 2MM, 2ROW"
J2,6.87108E+11,TopLayer,PCBComponent_1,189.267,64.451,180,CONN FFC FPC 8POS 0.5MM R/A
